[{"MaMathang":2,"Soluong":30,"Ngaynhap":"2023-01-01T00:00:00","Ma":1,"Ten":"Thinkpad"},{"MaMathang":4,"Soluong":100,"Ngaynhap":"2023-01-01T00:00:00","Ma":2,"Ten":"iphone 12"},{"MaMathang":7,"Soluong":20,"Ngaynhap":"2023-01-01T00:00:00","Ma":4,"Ten":"Nhập Ipad "},{"MaMathang":6,"Soluong":20,"Ngaynhap":"2022-01-01T00:00:00","Ma":5,"Ten":"Tủ Lạnh LG"},{"MaMathang":4,"Soluong":25,"Ngaynhap":"2023-01-02T00:00:00","Ma":6,"Ten":"nhập iphone 12"},{"MaMathang":10,"Soluong":100,"Ngaynhap":"2022-01-01T00:00:00","Ma":7,"Ten":"Unifi Pro"}]