[{"HanDung":"2026-01-01T00:00:00","CongTy":"công ty lenovo","NamSX":2023,"Loaihang":3,"Ma":2,"Ten":"thinkpad T14 Gen 1"},{"HanDung":"2030-08-05T00:00:00","CongTy":"công ty apple","NamSX":2020,"Loaihang":4,"Ma":4,"Ten":"iphone 12"},{"HanDung":"2026-01-01T00:00:00","CongTy":"công ty toshiba","NamSX":2023,"Loaihang":6,"Ma":6,"Ten":"Tủ Lạnh LG"},{"HanDung":"2026-01-01T00:00:00","CongTy":"công ty apple","NamSX":2015,"Loaihang":5,"Ma":7,"Ten":"ipad pro"},{"HanDung":"2022-06-17T00:00:00","CongTy":"Công Ty LG","NamSX":2015,"Loaihang":4,"Ma":8,"Ten":"LG 200"},{"HanDung":"2026-01-01T00:00:00","CongTy":"HP ","NamSX":2023,"Loaihang":3,"Ma":9,"Ten":"Dell Optilex "},{"HanDung":"2026-01-01T00:00:00","CongTy":"UBNT","NamSX":2023,"Loaihang":10,"Ma":10,"Ten":"Unifi Pro"}]